/*M!999999\- enable the sandbox mode */ 
-- MariaDB dump 10.19  Distrib 10.5.27-MariaDB, for Linux (x86_64)
--
-- Host: slackzone.ddns.net    Database: farmacia_calendar
-- ------------------------------------------------------
-- Server version	10.5.27-MariaDB

/*!40101 SET @OLD_CHARACTER_SET_CLIENT=@@CHARACTER_SET_CLIENT */;
/*!40101 SET @OLD_CHARACTER_SET_RESULTS=@@CHARACTER_SET_RESULTS */;
/*!40101 SET @OLD_COLLATION_CONNECTION=@@COLLATION_CONNECTION */;
/*!40101 SET NAMES utf8mb4 */;
/*!40103 SET @OLD_TIME_ZONE=@@TIME_ZONE */;
/*!40103 SET TIME_ZONE='+00:00' */;
/*!40014 SET @OLD_UNIQUE_CHECKS=@@UNIQUE_CHECKS, UNIQUE_CHECKS=0 */;
/*!40014 SET @OLD_FOREIGN_KEY_CHECKS=@@FOREIGN_KEY_CHECKS, FOREIGN_KEY_CHECKS=0 */;
/*!40101 SET @OLD_SQL_MODE=@@SQL_MODE, SQL_MODE='NO_AUTO_VALUE_ON_ZERO' */;
/*!40111 SET @OLD_SQL_NOTES=@@SQL_NOTES, SQL_NOTES=0 */;

--
-- Table structure for table `fc_calendario`
--

DROP TABLE IF EXISTS `fc_calendario`;
/*!40101 SET @saved_cs_client     = @@character_set_client */;
/*!40101 SET character_set_client = utf8 */;
CREATE TABLE `fc_calendario` (
  `id` int(11) NOT NULL AUTO_INCREMENT,
  `fecha` date NOT NULL,
  `id_farmacia` int(11) NOT NULL,
  PRIMARY KEY (`id`)
) ENGINE=InnoDB AUTO_INCREMENT=477 DEFAULT CHARSET=utf8 COLLATE=utf8_general_ci;
/*!40101 SET character_set_client = @saved_cs_client */;

--
-- Dumping data for table `fc_calendario`
--

LOCK TABLES `fc_calendario` WRITE;
/*!40000 ALTER TABLE `fc_calendario` DISABLE KEYS */;
INSERT INTO `fc_calendario` VALUES (1,'2025-01-01',1),(2,'2025-01-11',1),(3,'2025-01-21',1),(4,'2025-01-31',1),(5,'2025-02-10',1),(6,'2025-02-20',1),(7,'2025-03-02',1),(8,'2025-03-12',1),(9,'2025-03-22',1),(10,'2025-04-01',1),(11,'2025-04-11',1),(12,'2025-04-21',1),(13,'2025-05-01',1),(14,'2025-05-11',1),(15,'2025-05-21',1),(16,'2025-05-31',1),(17,'2025-06-10',1),(18,'2025-06-20',1),(19,'2025-05-30',1),(20,'2025-07-10',1),(21,'2025-07-20',1),(22,'2025-07-30',1),(23,'2025-08-09',1),(24,'2025-08-19',1),(25,'2025-08-29',1),(26,'2025-09-08',1),(27,'2025-09-18',1),(28,'2025-09-28',1),(29,'2025-10-08',1),(30,'2025-10-18',1),(31,'2025-10-28',1),(32,'2025-11-07',1),(33,'2025-11-17',1),(34,'2025-11-27',1),(35,'2025-12-07',1),(36,'2025-12-17',1),(37,'2025-12-27',1),(38,'2025-01-02',2),(39,'2025-01-12',2),(40,'2025-01-22',2),(41,'2025-02-01',2),(42,'2025-02-11',2),(43,'2025-02-21',2),(44,'2025-03-03',2),(45,'2025-03-13',2),(46,'2025-03-23',2),(47,'2025-04-02',2),(48,'2025-04-12',2),(49,'2025-04-22',2),(50,'2025-05-02',2),(51,'2025-05-12',2),(52,'2025-05-22',2),(53,'2025-06-01',2),(54,'2025-06-11',2),(55,'2025-06-21',2),(56,'2025-07-01',2),(57,'2025-07-11',2),(58,'2025-07-21',2),(59,'2025-07-31',2),(60,'2025-08-10',2),(61,'2025-08-20',2),(62,'2025-08-30',2),(63,'2025-09-09',2),(64,'2025-09-19',2),(65,'2025-10-09',2),(66,'2025-10-19',2),(67,'2025-10-29',2),(68,'2025-11-08',2),(69,'2025-11-18',2),(70,'2025-11-28',2),(71,'2025-12-08',2),(72,'2025-12-18',2),(73,'2025-12-28',2),(74,'2025-01-03',3),(75,'2025-01-13',3),(76,'2025-01-23',3),(77,'2025-02-02',3),(78,'2025-02-12',3),(79,'2025-02-22',3),(80,'2025-03-04',3),(81,'2025-03-14',3),(82,'2025-03-24',3),(83,'2025-04-03',3),(84,'2025-04-13',3),(85,'2025-04-23',3),(86,'2025-05-03',3),(87,'2025-05-13',3),(88,'2025-05-23',3),(89,'2025-06-02',3),(90,'2025-06-12',3),(91,'2025-06-22',3),(92,'2025-07-02',3),(93,'2025-07-12',3),(94,'2025-07-22',3),(95,'2025-08-01',3),(96,'2025-08-11',3),(97,'2025-08-21',3),(98,'2025-08-31',3),(99,'2025-09-10',3),(100,'2025-09-20',3),(101,'2025-09-30',3),(102,'2025-10-10',3),(103,'2025-10-20',3),(104,'2025-10-30',3),(105,'2025-11-09',3),(106,'2025-11-19',3),(107,'2025-11-29',3),(108,'2025-12-09',3),(109,'2025-12-19',3),(110,'2025-12-29',3),(111,'2025-01-04',4),(112,'2025-01-14',4),(113,'2025-01-24',4),(114,'2025-02-03',4),(115,'2025-02-13',4),(116,'2025-02-23',4),(117,'2025-03-05',4),(118,'2025-03-15',4),(119,'2025-03-25',4),(120,'2025-04-04',4),(121,'2025-04-14',4),(122,'2025-04-24',4),(123,'2025-05-04',4),(124,'2025-05-14',4),(125,'2025-05-24',4),(126,'2025-06-03',4),(127,'2025-06-13',4),(128,'2025-06-23',4),(129,'2025-07-03',4),(130,'2025-07-13',4),(131,'2025-07-23',4),(132,'2025-08-02',4),(133,'2025-08-12',4),(134,'2025-08-22',4),(135,'2025-09-01',4),(136,'2025-09-11',4),(137,'2025-09-21',4),(138,'2025-10-01',4),(139,'2025-10-11',4),(140,'2025-10-21',4),(141,'2025-10-31',4),(142,'2025-11-10',4),(143,'2025-11-20',4),(144,'2025-11-30',4),(145,'2025-12-10',4),(146,'2025-12-20',4),(147,'2025-12-30',4),(148,'2025-01-05',5),(149,'2025-01-15',5),(150,'2025-01-25',5),(151,'2025-02-04',5),(152,'2025-02-14',5),(153,'2025-02-24',5),(154,'2025-03-06',5),(155,'2025-03-16',5),(156,'2025-03-26',5),(157,'2025-04-05',5),(158,'2025-04-15',5),(159,'2025-04-25',5),(160,'2025-05-05',5),(161,'2025-05-15',5),(162,'2025-05-25',5),(163,'2025-06-04',5),(164,'2025-06-14',5),(165,'2025-06-24',5),(166,'2025-07-04',5),(167,'2025-07-14',5),(168,'2025-07-24',5),(169,'2025-08-03',5),(170,'2025-08-13',5),(171,'2025-08-23',5),(172,'2025-09-02',5),(173,'2025-09-12',5),(174,'2025-09-22',5),(175,'2025-10-02',5),(176,'2025-10-12',5),(177,'2025-10-22',5),(178,'2025-11-01',5),(179,'2025-11-11',5),(180,'2025-11-21',5),(181,'2025-12-01',5),(182,'2025-12-11',5),(183,'2025-12-21',5),(184,'2025-12-31',5),(185,'2025-01-06',6),(186,'2025-01-16',6),(187,'2025-01-26',6),(188,'2025-02-05',6),(189,'2025-02-15',6),(190,'2025-02-25',6),(191,'2025-03-07',6),(192,'2025-03-17',6),(193,'2025-03-27',6),(194,'2025-04-06',6),(195,'2025-04-16',6),(196,'2025-04-26',6),(197,'2025-05-06',6),(198,'2025-05-16',6),(199,'2025-05-26',6),(200,'2025-06-05',6),(201,'2025-06-15',6),(202,'2025-06-25',6),(203,'2025-07-05',6),(204,'2025-07-15',6),(205,'2025-07-25',6),(206,'2025-08-04',6),(207,'2025-08-14',6),(208,'2025-08-24',6),(209,'2025-09-03',6),(210,'2025-09-13',6),(211,'2025-09-23',6),(212,'2025-10-03',6),(213,'2025-10-13',6),(214,'2025-10-23',6),(215,'2025-11-02',6),(216,'2025-11-12',6),(217,'2025-11-22',6),(218,'2025-12-02',6),(219,'2025-12-12',6),(220,'2025-12-22',6),(221,'2025-01-07',7),(222,'2025-01-17',7),(223,'2025-01-27',7),(224,'2025-02-06',7),(225,'2025-02-16',7),(226,'2025-02-26',7),(227,'2025-03-08',7),(228,'2025-03-18',7),(229,'2025-03-28',7),(230,'2025-04-07',7),(231,'2025-04-17',7),(232,'2025-04-27',7),(233,'2025-05-07',7),(234,'2025-05-17',7),(235,'2025-05-27',7),(236,'2025-06-06',7),(237,'2025-06-16',7),(238,'2025-06-26',7),(239,'2025-07-06',7),(240,'2025-07-16',7),(241,'2025-07-26',7),(242,'2025-08-05',7),(243,'2025-08-15',7),(244,'2025-08-25',7),(245,'2025-09-04',7),(246,'2025-09-14',7),(247,'2025-09-24',7),(248,'2025-10-04',7),(249,'2025-10-14',7),(250,'2025-10-24',7),(251,'2025-11-03',7),(252,'2025-11-13',7),(253,'2025-11-23',7),(254,'2025-12-03',7),(255,'2025-12-13',7),(256,'2025-12-23',7),(257,'2025-01-08',8),(258,'2025-01-18',8),(259,'2025-01-28',8),(260,'2025-02-07',8),(261,'2025-02-17',8),(262,'2025-02-27',8),(263,'2025-03-09',8),(264,'2025-03-19',8),(265,'2025-03-29',8),(266,'2025-04-08',8),(267,'2025-04-18',8),(268,'2025-04-28',8),(269,'2025-05-08',8),(270,'2025-05-18',8),(271,'2025-05-28',8),(272,'2025-06-07',8),(273,'2025-06-17',8),(274,'2025-06-27',8),(275,'2025-07-07',8),(276,'2025-07-27',8),(277,'2025-08-06',8),(278,'2025-08-16',8),(279,'2025-08-26',8),(280,'2025-09-05',8),(281,'2025-09-15',8),(282,'2025-09-25',8),(283,'2025-10-05',8),(284,'2025-10-15',8),(285,'2025-10-25',8),(286,'2025-11-04',8),(287,'2025-11-14',8),(288,'2025-11-24',8),(289,'2025-12-04',8),(290,'2025-12-14',8),(291,'2025-12-24',8),(292,'2025-01-09',9),(293,'2025-01-19',9),(294,'2025-01-29',9),(295,'2025-02-08',9),(296,'2025-02-18',9),(297,'2025-02-28',9),(298,'2025-03-10',9),(299,'2025-03-20',9),(300,'2025-03-30',9),(301,'2025-04-09',9),(302,'2025-04-19',9),(303,'2025-04-29',9),(304,'2025-05-09',9),(305,'2025-05-19',9),(306,'2025-05-29',9),(307,'2025-06-08',9),(308,'2025-06-18',9),(309,'2025-06-28',9),(310,'2025-07-08',9),(311,'2025-07-18',9),(312,'2025-07-28',9),(313,'2025-08-07',9),(314,'2025-08-17',9),(315,'2025-08-27',9),(316,'2025-09-06',9),(317,'2025-09-16',9),(318,'2025-09-26',9),(319,'2025-10-06',9),(320,'2025-10-16',9),(321,'2025-10-26',9),(322,'2025-11-05',9),(323,'2025-11-15',9),(324,'2025-11-25',9),(325,'2025-12-05',9),(326,'2025-12-15',9),(327,'2025-12-25',9),(328,'2025-01-10',10),(329,'2025-01-20',10),(330,'2025-01-30',10),(331,'2025-02-09',10),(332,'2025-02-19',10),(333,'2025-03-01',10),(334,'2025-03-11',10),(335,'2025-03-21',10),(336,'2025-03-31',10),(337,'2025-04-10',10),(338,'2025-04-20',10),(339,'2025-04-30',10),(340,'2025-05-30',10),(341,'2025-05-20',10),(342,'2025-05-10',10),(343,'2025-06-09',10),(344,'2025-06-19',10),(345,'2025-06-29',10),(346,'2025-07-09',10),(347,'2025-07-19',10),(348,'2025-07-29',10),(349,'2025-08-08',10),(350,'2025-08-18',10),(351,'2025-08-28',10),(352,'2025-09-07',10),(353,'2025-09-17',10),(354,'2025-09-27',10),(355,'2025-10-07',10),(356,'2025-10-17',10),(357,'2025-10-27',10),(358,'2025-11-06',10),(359,'2025-11-16',10),(360,'2025-11-26',10),(361,'2025-12-06',10),(362,'2025-12-16',10),(363,'2025-12-26',10),(364,'2025-01-11',11),(365,'2025-01-20',11),(366,'2025-01-29',11),(367,'2025-02-07',11),(368,'2025-02-16',11),(369,'2025-02-25',11),(370,'2025-03-06',11),(371,'2025-03-15',11),(372,'2025-03-24',11),(373,'2025-04-02',11),(374,'2025-04-11',11),(375,'2025-04-20',11),(376,'2025-04-29',11),(377,'2025-05-08',11),(378,'2025-05-17',11),(379,'2025-05-26',11),(380,'2025-06-04',11),(381,'2025-06-13',11),(382,'2025-06-22',11),(383,'2025-07-01',11),(384,'2025-07-10',11),(385,'2025-07-19',11),(386,'2025-07-28',11),(387,'2025-08-06',11),(388,'2025-08-15',11),(389,'2025-08-24',11),(390,'2025-09-02',11),(391,'2025-09-11',11),(392,'2025-09-20',11),(393,'2025-09-29',11),(394,'2025-10-08',11),(395,'2025-10-17',11),(396,'2025-10-26',11),(397,'2025-11-04',11),(398,'2025-11-13',11),(399,'2025-11-22',11),(400,'2025-12-01',11),(401,'2025-12-10',11),(402,'2025-12-19',11),(403,'2025-12-28',11),(404,'2025-01-09',12),(405,'2025-01-19',12),(406,'2025-01-29',12),(407,'2025-02-08',12),(408,'2025-02-18',12),(409,'2025-02-28',12),(410,'2025-03-10',12),(411,'2025-03-20',12),(412,'2025-03-30',12),(413,'2025-04-09',12),(414,'2025-04-19',12),(415,'2025-04-29',12),(416,'2025-05-09',12),(417,'2025-05-19',12),(418,'2025-05-29',12),(419,'2025-06-08',12),(420,'2025-06-18',12),(421,'2025-06-28',12),(422,'2025-07-08',12),(423,'2025-07-18',12),(424,'2025-07-28',12),(425,'2025-08-07',12),(426,'2025-08-17',12),(427,'2025-08-27',12),(428,'2025-09-06',12),(429,'2025-09-16',12),(430,'2025-09-26',12),(431,'2025-10-06',12),(432,'2025-10-16',12),(433,'2025-10-26',12),(434,'2025-12-05',12),(435,'2025-12-15',12),(436,'2025-11-15',12),(437,'2025-11-05',12),(438,'2025-11-25',12),(439,'2025-12-25',12),(440,'2025-01-08',13),(441,'2025-01-18',13),(442,'2025-01-28',13),(443,'2025-02-07',13),(444,'2025-02-17',13),(445,'2025-02-27',13),(446,'2025-03-09',13),(447,'2025-03-19',13),(448,'2025-03-29',13),(449,'2025-04-08',13),(450,'2025-04-18',13),(451,'2025-04-28',13),(452,'2025-05-08',13),(453,'2025-05-18',13),(454,'2025-05-28',13),(455,'2025-06-07',13),(456,'2025-06-17',13),(457,'2025-06-27',13),(458,'2025-07-07',13),(459,'2025-07-17',13),(460,'2025-07-27',13),(461,'2025-08-06',13),(462,'2025-08-16',13),(463,'2025-08-26',13),(464,'2025-09-05',13),(465,'2025-09-15',13),(466,'2025-09-25',13),(467,'2025-10-05',13),(468,'2025-10-15',13),(469,'2025-10-25',13),(470,'2025-11-04',13),(471,'2025-11-14',13),(472,'2025-11-24',13),(473,'2025-12-04',13),(474,'2025-12-14',13),(475,'2025-12-24',13),(476,'2025-01-02',11);
/*!40000 ALTER TABLE `fc_calendario` ENABLE KEYS */;
UNLOCK TABLES;

--
-- Table structure for table `fc_farmacias`
--

DROP TABLE IF EXISTS `fc_farmacias`;
/*!40101 SET @saved_cs_client     = @@character_set_client */;
/*!40101 SET character_set_client = utf8 */;
CREATE TABLE `fc_farmacias` (
  `id` int(11) NOT NULL AUTO_INCREMENT,
  `nombre_farmacia` varchar(100) NOT NULL,
  `direccion_farmacia` varchar(100) NOT NULL,
  `telefono_1` varchar(10) DEFAULT NULL,
  `telefono_2` varchar(10) DEFAULT NULL,
  `email` varchar(90) DEFAULT NULL,
  `obra_social` int(1) DEFAULT NULL,
  `id_tipo_pago` int(11) DEFAULT NULL,
  PRIMARY KEY (`id`)
) ENGINE=InnoDB AUTO_INCREMENT=14 DEFAULT CHARSET=utf8 COLLATE=utf8_general_ci;
/*!40101 SET character_set_client = @saved_cs_client */;

--
-- Dumping data for table `fc_farmacias`
--

LOCK TABLES `fc_farmacias` WRITE;
/*!40000 ALTER TABLE `fc_farmacias` DISABLE KEYS */;
INSERT INTO `fc_farmacias` VALUES (1,'Malnis','Circunscripción 4 - Sección 1 - Manzana 6 - Casa 10','1135260199','1125938103','N/D',1,NULL),(2,'Antartida','Reynalda Rodriguez 3652','1146201181','1151803112','recetasantartida@gmail.com',1,NULL),(3,'Cano','Av. Bevilacqua 1953','1144871122','1126819941','farmaciacano@gmail.com',1,NULL),(4,'Gerez','Circunscripción 1 - Sección 1 - Manzana 12','1144874449','1167485425','farm_gerez@yahoo.com.ar',1,NULL),(5,'Gatti','Circunscripción 4 - Sección 4 - Manzana 11 (Mercadito) - Cabo 1º Nestor Barros 809','1146201988','1166492595','N/D',1,NULL),(6,'Giusti','Circunscripción 1 - Sección 4 - Manzana 8 - Barrio Alas (Mercadito)','1146203092','1138769510','farmaciagiusti1972@gmail.com',1,NULL),(7,'Alzugaray','Av. Juan Domingo Perón 1883','1146201212','1151588756','farmaciaalzugaray@gmail.com',1,NULL),(8,'Clozman','Isabel La Católica 2254','1146201516','1158406028','farmacia.clozman@gmail.com',1,NULL),(9,'De la Ciudad','Isabel La Católica 1978','1135297279','N/D','N/D',1,NULL),(10,'Sadop','Av. Bevilacqua 853','1146202376','N/D','farmasadop@gmail.com',1,NULL),(11,'Desanti','El Tiburón 391','1132417573','1124837467','N/D',1,NULL),(12,'Iaquinta','Av. Juan Domingo Perón 2232','1121235522','1155157452','N/D',1,NULL),(13,'Rodriguez','Av. General Martin Miguel de Guemes 4089','1128202758','1150100290','farmarodri@gmail.com',1,NULL);
/*!40000 ALTER TABLE `fc_farmacias` ENABLE KEYS */;
UNLOCK TABLES;

--
-- Table structure for table `fc_tipo_pago`
--

DROP TABLE IF EXISTS `fc_tipo_pago`;
/*!40101 SET @saved_cs_client     = @@character_set_client */;
/*!40101 SET character_set_client = utf8 */;
CREATE TABLE `fc_tipo_pago` (
  `id` int(11) NOT NULL AUTO_INCREMENT,
  `descripcion` varchar(50) NOT NULL,
  PRIMARY KEY (`id`)
) ENGINE=InnoDB DEFAULT CHARSET=utf8 COLLATE=utf8_general_ci;
/*!40101 SET character_set_client = @saved_cs_client */;

--
-- Dumping data for table `fc_tipo_pago`
--

LOCK TABLES `fc_tipo_pago` WRITE;
/*!40000 ALTER TABLE `fc_tipo_pago` DISABLE KEYS */;
/*!40000 ALTER TABLE `fc_tipo_pago` ENABLE KEYS */;
UNLOCK TABLES;

--
-- Table structure for table `fc_usuarios`
--

DROP TABLE IF EXISTS `fc_usuarios`;
/*!40101 SET @saved_cs_client     = @@character_set_client */;
/*!40101 SET character_set_client = utf8 */;
CREATE TABLE `fc_usuarios` (
  `id` int(11) NOT NULL AUTO_INCREMENT,
  `name` varchar(30) CHARACTER SET utf8 COLLATE utf8_bin NOT NULL,
  `user` varchar(65) CHARACTER SET utf8 COLLATE utf8_bin NOT NULL,
  `password` varchar(74) CHARACTER SET utf8 COLLATE utf8_bin NOT NULL,
  `email` varchar(90) NOT NULL,
  `task` int(11) NOT NULL,
  `avatar` varchar(500) DEFAULT NULL,
  `role` int(1) NOT NULL DEFAULT 1,
  PRIMARY KEY (`id`)
) ENGINE=InnoDB AUTO_INCREMENT=3 DEFAULT CHARSET=utf8 COLLATE=utf8_general_ci;
/*!40101 SET character_set_client = @saved_cs_client */;

--
-- Dumping data for table `fc_usuarios`
--

LOCK TABLES `fc_usuarios` WRITE;
/*!40000 ALTER TABLE `fc_usuarios` DISABLE KEYS */;
INSERT INTO `fc_usuarios` VALUES (1,'Administrador','root@gmail.com','$2y$10$xVpJ8qVMk0G04RdHXewTWOdh3J00UQM/bzUYHv57C8Hc9m2GIpFe.','root@gmail.com',1,NULL,1),(2,'Augusto Sebastian Maza','debianmaza@gmail.com','$2y$10$TDDDjFrHMVqdxyMXN8Lf1udBmIAO6RPqxXRFcy80Xvv6Fog1UBc3e','debianmaza@gmail.com',2,NULL,1);
/*!40000 ALTER TABLE `fc_usuarios` ENABLE KEYS */;
UNLOCK TABLES;
/*!40103 SET TIME_ZONE=@OLD_TIME_ZONE */;

/*!40101 SET SQL_MODE=@OLD_SQL_MODE */;
/*!40014 SET FOREIGN_KEY_CHECKS=@OLD_FOREIGN_KEY_CHECKS */;
/*!40014 SET UNIQUE_CHECKS=@OLD_UNIQUE_CHECKS */;
/*!40101 SET CHARACTER_SET_CLIENT=@OLD_CHARACTER_SET_CLIENT */;
/*!40101 SET CHARACTER_SET_RESULTS=@OLD_CHARACTER_SET_RESULTS */;
/*!40101 SET COLLATION_CONNECTION=@OLD_COLLATION_CONNECTION */;
/*!40111 SET SQL_NOTES=@OLD_SQL_NOTES */;

-- Dump completed on 2025-01-07  6:27:10
